registeredAuctionParticipant,auctionUnit,serviceType,auctionProduct,Delivery capacity(MW),clearingPrice,deliveryStart,deliveryEnd,Delivery date,EFA block of the day 
GORE STREET ENERGY TRADING LIMITED,GSET-06,Response,DRL,3,8.1,2025-03-16T19:00:00,2025-03-16T23:00:00,,
GORE STREET ENERGY TRADING LIMITED,GSET-06,Response,DRL,3,9.69,2025-03-16T03:00:00,2025-03-16T07:00:00,,
GORE STREET ENERGY TRADING LIMITED,GSET-06,Response,DRL,3,11.34,2025-03-16T07:00:00,2025-03-16T11:00:00,,
GORE STREET ENERGY TRADING LIMITED,GSET-06,Response,DRL,3,12.69,2025-03-16T11:00:00,2025-03-16T15:00:00,,
GORE STREET ENERGY TRADING LIMITED,GSET-06,Response,DRL,3,12.69,2025-03-15T23:00:00,2025-03-16T03:00:00,,
GORE STREET ENERGY TRADING LIMITED,GSET-06,Response,DRL,3,10.21,2025-03-16T15:00:00,2025-03-16T19:00:00,,
GORE STREET ENERGY TRADING LIMITED,GSET-06,Response,DRL,3,11.27,2025-03-17T07:00:00,2025-03-17T11:00:00,,
GORE STREET ENERGY TRADING LIMITED,GSET-06,Response,DRL,3,10.67,2025-03-17T11:00:00,2025-03-17T15:00:00,,
GORE STREET ENERGY TRADING LIMITED,GSET-06,Response,DRL,3,11.5,2025-03-17T15:00:00,2025-03-17T19:00:00,,
GORE STREET ENERGY TRADING LIMITED,GSET-06,Response,DRL,3,12.69,2025-03-17T19:00:00,2025-03-17T23:00:00,,
GORE STREET ENERGY TRADING LIMITED,GSET-06,Response,DRL,3,10.75,2025-03-16T23:00:00,2025-03-17T03:00:00,,
GORE STREET ENERGY TRADING LIMITED,GSET-06,Response,DRL,3,14.24,2025-03-17T03:00:00,2025-03-17T07:00:00,,
GORE STREET ENERGY TRADING LIMITED,GSET-06,Response,DRL,3,16.07,2025-03-18T15:00:00,2025-03-18T19:00:00,,
GORE STREET ENERGY TRADING LIMITED,GSET-06,Response,DRL,3,10.71,2025-03-17T23:00:00,2025-03-18T03:00:00,,
GORE STREET ENERGY TRADING LIMITED,GSET-06,Response,DRL,3,9.25,2025-03-18T11:00:00,2025-03-18T15:00:00,,
GORE STREET ENERGY TRADING LIMITED,GSET-06,Response,DRL,3,12.83,2025-03-18T07:00:00,2025-03-18T11:00:00,,
GORE STREET ENERGY TRADING LIMITED,GSET-06,Response,DRL,3,9.15,2025-03-18T19:00:00,2025-03-18T23:00:00,,
GORE STREET ENERGY TRADING LIMITED,GSET-06,Response,DRL,3,14.69,2025-03-18T03:00:00,2025-03-18T07:00:00,,
GORE STREET ENERGY TRADING LIMITED,GSET-06,Response,DRL,3,13.31,2025-03-18T23:00:00,2025-03-19T03:00:00,,
GORE STREET ENERGY TRADING LIMITED,GSET-06,Response,DRL,3,9.72,2025-03-19T03:00:00,2025-03-19T07:00:00,,
GORE STREET ENERGY TRADING LIMITED,GSET-06,Response,DRL,3,13.52,2025-03-19T19:00:00,2025-03-19T23:00:00,,
GORE STREET ENERGY TRADING LIMITED,GSET-06,Response,DRL,3,13.69,2025-03-19T07:00:00,2025-03-19T11:00:00,,
GORE STREET ENERGY TRADING LIMITED,GSET-06,Response,DRL,3,14.11,2025-03-19T11:00:00,2025-03-19T15:00:00,,
GORE STREET ENERGY TRADING LIMITED,GSET-06,Response,DRL,3,18.99,2025-03-19T15:00:00,2025-03-19T19:00:00,,
GORE STREET ENERGY TRADING LIMITED,GSET-06,Response,DRL,3,14.87,2025-03-21T07:00:00,2025-03-21T11:00:00,,
GORE STREET ENERGY TRADING LIMITED,GSET-06,Response,DRL,3,9.5,2025-03-20T23:00:00,2025-03-21T03:00:00,,
GORE STREET ENERGY TRADING LIMITED,GSET-06,Response,DRL,3,15.7,2025-03-21T19:00:00,2025-03-21T23:00:00,,
GORE STREET ENERGY TRADING LIMITED,GSET-06,Response,DRL,3,10.66,2025-03-21T11:00:00,2025-03-21T15:00:00,,
GORE STREET ENERGY TRADING LIMITED,GSET-06,Response,DRL,3,10.98,2025-03-21T03:00:00,2025-03-21T07:00:00,,
GORE STREET ENERGY TRADING LIMITED,GSET-06,Response,DRL,3,15.12,2025-03-21T15:00:00,2025-03-21T19:00:00,,
GORE STREET ENERGY TRADING LIMITED,GSET-06,Response,DRL,3,12.58,2025-03-22T15:00:00,2025-03-22T19:00:00,,
GORE STREET ENERGY TRADING LIMITED,GSET-06,Response,DRL,3,12.13,2025-03-22T07:00:00,2025-03-22T11:00:00,,
GORE STREET ENERGY TRADING LIMITED,GSET-06,Response,DRL,3,8.07,2025-03-21T23:00:00,2025-03-22T03:00:00,,
GORE STREET ENERGY TRADING LIMITED,GSET-06,Response,DRH,3,12.36,2025-03-22T03:00:00,2025-03-22T07:00:00,,
GORE STREET ENERGY TRADING LIMITED,GSET-06,Response,DRL,3,14.47,2025-03-22T19:00:00,2025-03-22T23:00:00,,
GORE STREET ENERGY TRADING LIMITED,GSET-06,Response,DRL,3,8.33,2025-03-22T11:00:00,2025-03-22T15:00:00,,
GORE STREET ENERGY TRADING LIMITED,GSET-06,Response,DRL,3,13.69,2025-03-22T23:00:00,2025-03-23T03:00:00,,
GORE STREET ENERGY TRADING LIMITED,GSET-06,Response,DRL,3,8.14,2025-03-23T19:00:00,2025-03-23T23:00:00,,
GORE STREET ENERGY TRADING LIMITED,GSET-06,Response,DRL,3,10.69,2025-03-23T11:00:00,2025-03-23T15:00:00,,
GORE STREET ENERGY TRADING LIMITED,GSET-06,Response,DRL,3,10.75,2025-03-23T03:00:00,2025-03-23T07:00:00,,
GORE STREET ENERGY TRADING LIMITED,GSET-06,Response,DRL,3,10.8,2025-03-23T15:00:00,2025-03-23T19:00:00,,
GORE STREET ENERGY TRADING LIMITED,GSET-06,Response,DRL,3,6.65,2025-03-23T07:00:00,2025-03-23T11:00:00,,
GORE STREET ENERGY TRADING LIMITED,GSET-06,Response,DRL,3,14.75,2025-03-24T15:00:00,2025-03-24T19:00:00,,
GORE STREET ENERGY TRADING LIMITED,GSET-06,Response,DRL,3,15.69,2025-03-24T07:00:00,2025-03-24T11:00:00,,
GORE STREET ENERGY TRADING LIMITED,GSET-06,Response,DRL,3,10.21,2025-03-23T23:00:00,2025-03-24T03:00:00,,
GORE STREET ENERGY TRADING LIMITED,GSET-06,Response,DRL,3,12.69,2025-03-24T19:00:00,2025-03-24T23:00:00,,
GORE STREET ENERGY TRADING LIMITED,GSET-06,Response,DRL,3,12.16,2025-03-24T11:00:00,2025-03-24T15:00:00,,
GORE STREET ENERGY TRADING LIMITED,GSET-06,Response,DRL,3,10.21,2025-03-24T03:00:00,2025-03-24T07:00:00,,
GORE STREET ENERGY TRADING LIMITED,GSET-06,Response,DRL,3,8.34,2025-03-25T19:00:00,2025-03-25T23:00:00,,
GORE STREET ENERGY TRADING LIMITED,GSET-06,Response,DRL,3,12.69,2025-03-25T11:00:00,2025-03-25T15:00:00,,
GORE STREET ENERGY TRADING LIMITED,GSET-06,Response,DRL,3,12.69,2025-03-25T03:00:00,2025-03-25T07:00:00,,
GORE STREET ENERGY TRADING LIMITED,GSET-06,Response,DRL,3,12.19,2025-03-25T15:00:00,2025-03-25T19:00:00,,
GORE STREET ENERGY TRADING LIMITED,GSET-06,Response,DRL,3,12.69,2025-03-25T07:00:00,2025-03-25T11:00:00,,
GORE STREET ENERGY TRADING LIMITED,GSET-06,Response,DRL,3,9.69,2025-03-24T23:00:00,2025-03-25T03:00:00,,
GORE STREET ENERGY TRADING LIMITED,GSET-06,Response,DRL,3,16.12,2025-03-26T15:00:00,2025-03-26T19:00:00,,
GORE STREET ENERGY TRADING LIMITED,GSET-06,Response,DRL,3,14.47,2025-03-26T07:00:00,2025-03-26T11:00:00,,
GORE STREET ENERGY TRADING LIMITED,GSET-06,Response,DRL,3,10.69,2025-03-25T23:00:00,2025-03-26T03:00:00,,
GORE STREET ENERGY TRADING LIMITED,GSET-06,Response,DRL,3,15.1,2025-03-26T19:00:00,2025-03-26T23:00:00,,
GORE STREET ENERGY TRADING LIMITED,GSET-06,Response,DRL,3,9.69,2025-03-26T11:00:00,2025-03-26T15:00:00,,
GORE STREET ENERGY TRADING LIMITED,GSET-06,Response,DRL,3,12.69,2025-03-26T03:00:00,2025-03-26T07:00:00,,
GORE STREET ENERGY TRADING LIMITED,GSET-06,Response,DRL,3,15.17,2025-03-27T19:00:00,2025-03-27T23:00:00,,
GORE STREET ENERGY TRADING LIMITED,GSET-06,Response,DRL,3,11.85,2025-03-27T11:00:00,2025-03-27T15:00:00,,
GORE STREET ENERGY TRADING LIMITED,GSET-06,Response,DRL,3,14.96,2025-03-27T03:00:00,2025-03-27T07:00:00,,
GORE STREET ENERGY TRADING LIMITED,GSET-06,Response,DRL,3,18.64,2025-03-27T15:00:00,2025-03-27T19:00:00,,
GORE STREET ENERGY TRADING LIMITED,GSET-06,Response,DRL,3,14.69,2025-03-27T07:00:00,2025-03-27T11:00:00,,
GORE STREET ENERGY TRADING LIMITED,GSET-06,Response,DRL,3,11.69,2025-03-26T23:00:00,2025-03-27T03:00:00,,
GORE STREET ENERGY TRADING LIMITED,GSET-06,Response,DRL,3,17,2025-03-28T15:00:00,2025-03-28T19:00:00,,
GORE STREET ENERGY TRADING LIMITED,GSET-06,Response,DRL,3,14.74,2025-03-28T07:00:00,2025-03-28T11:00:00,,
GORE STREET ENERGY TRADING LIMITED,GSET-06,Response,DRL,3,11.09,2025-03-27T23:00:00,2025-03-28T03:00:00,,
GORE STREET ENERGY TRADING LIMITED,GSET-06,Response,DRL,3,14.69,2025-03-28T19:00:00,2025-03-28T23:00:00,,
GORE STREET ENERGY TRADING LIMITED,GSET-06,Response,DRL,3,11.9,2025-03-28T11:00:00,2025-03-28T15:00:00,,
GORE STREET ENERGY TRADING LIMITED,GSET-06,Response,DRL,3,13.12,2025-03-28T03:00:00,2025-03-28T07:00:00,,
GORE STREET ENERGY TRADING LIMITED,GSET-06,Response,DRL,3,16.36,2025-03-29T19:00:00,2025-03-29T23:00:00,,
GORE STREET ENERGY TRADING LIMITED,GSET-06,Response,DRL,3,11.46,2025-03-29T11:00:00,2025-03-29T15:00:00,,
GORE STREET ENERGY TRADING LIMITED,GSET-06,Response,DRL,3,12.69,2025-03-29T03:00:00,2025-03-29T07:00:00,,
GORE STREET ENERGY TRADING LIMITED,GSET-06,Response,DRL,3,17.34,2025-03-29T15:00:00,2025-03-29T19:00:00,,
GORE STREET ENERGY TRADING LIMITED,GSET-06,Response,DRL,3,15.46,2025-03-29T07:00:00,2025-03-29T11:00:00,,
GORE STREET ENERGY TRADING LIMITED,GSET-06,Response,DRL,3,10.96,2025-03-28T23:00:00,2025-03-29T03:00:00,,
GORE STREET ENERGY TRADING LIMITED,GSET-06,Response,DRL,3,11.13,2025-03-29T23:00:00,2025-03-30T02:00:00,,
GORE STREET ENERGY TRADING LIMITED,GSET-06,Response,DRL,3,18.94,2025-03-30T18:00:00,2025-03-30T22:00:00,,
GORE STREET ENERGY TRADING LIMITED,GSET-06,Response,DRH,3,8.68,2025-03-30T10:00:00,2025-03-30T14:00:00,,
GORE STREET ENERGY TRADING LIMITED,GSET-06,Response,DRH,3,6.48,2025-03-30T06:00:00,2025-03-30T10:00:00,,
GORE STREET ENERGY TRADING LIMITED,GSET-06,Response,DRL,3,14.5,2025-03-30T14:00:00,2025-03-30T18:00:00,,
GORE STREET ENERGY TRADING LIMITED,GSET-06,Response,DRH,3,11.53,2025-03-30T02:00:00,2025-03-30T06:00:00,,
GORE STREET ENERGY TRADING LIMITED,GSET-06,Response,DRL,3,15.69,2025-03-31T18:00:00,2025-03-31T22:00:00,,
GORE STREET ENERGY TRADING LIMITED,GSET-06,Response,DRL,3,9.69,2025-03-31T10:00:00,2025-03-31T14:00:00,,
GORE STREET ENERGY TRADING LIMITED,GSET-06,Response,DRL,3,11.69,2025-03-31T02:00:00,2025-03-31T06:00:00,,
GORE STREET ENERGY TRADING LIMITED,GSET-06,Response,DRL,3,15.92,2025-03-31T14:00:00,2025-03-31T18:00:00,,
GORE STREET ENERGY TRADING LIMITED,GSET-06,Response,DRL,3,15.69,2025-03-31T06:00:00,2025-03-31T10:00:00,,
GORE STREET ENERGY TRADING LIMITED,GSET-06,Response,DRL,3,9.69,2025-03-30T22:00:00,2025-03-31T02:00:00,,
GORE STREET ENERGY TRADING LIMITED,GSET-06,Response,DRL,3,12.75,2025-04-01T14:00:00,2025-04-01T18:00:00,,
GORE STREET ENERGY TRADING LIMITED,GSET-06,Response,DRL,3,14.86,2025-04-01T06:00:00,2025-04-01T10:00:00,,
GORE STREET ENERGY TRADING LIMITED,GSET-06,Response,DRL,3,18.28,2025-04-01T10:00:00,2025-04-01T14:00:00,,
GORE STREET ENERGY TRADING LIMITED,GSET-06,Response,DRL,3,11.09,2025-04-01T02:00:00,2025-04-01T06:00:00,,
GORE STREET ENERGY TRADING LIMITED,GSET-06,Response,DRL,3,9.52,2025-03-31T22:00:00,2025-04-01T02:00:00,,
GORE STREET ENERGY TRADING LIMITED,GSET-06,Response,DRL,3,14,2025-04-01T18:00:00,2025-04-01T22:00:00,,
GORE STREET ENERGY TRADING LIMITED,GSET-06,Response,DRL,3,16.29,2025-04-02T18:00:00,2025-04-02T22:00:00,,
GORE STREET ENERGY TRADING LIMITED,GSET-06,Response,DRL,3,10.75,2025-04-02T10:00:00,2025-04-02T14:00:00,,
GORE STREET ENERGY TRADING LIMITED,GSET-06,Response,DRL,3,9.75,2025-04-02T02:00:00,2025-04-02T06:00:00,,
GORE STREET ENERGY TRADING LIMITED,GSET-06,Response,DRL,3,15.48,2025-04-02T14:00:00,2025-04-02T18:00:00,,
GORE STREET ENERGY TRADING LIMITED,GSET-06,Response,DRL,3,16.63,2025-04-02T06:00:00,2025-04-02T10:00:00,,
GORE STREET ENERGY TRADING LIMITED,GSET-06,Response,DRL,3,11.49,2025-04-01T22:00:00,2025-04-02T02:00:00,,
GORE STREET ENERGY TRADING LIMITED,GSET-06,Response,DRL,3,16,2025-04-03T14:00:00,2025-04-03T18:00:00,,
GORE STREET ENERGY TRADING LIMITED,GSET-06,Response,DRL,3,16.68,2025-04-03T06:00:00,2025-04-03T10:00:00,,
GORE STREET ENERGY TRADING LIMITED,GSET-06,Response,DRL,3,11.5,2025-04-02T22:00:00,2025-04-03T02:00:00,,
GORE STREET ENERGY TRADING LIMITED,GSET-06,Response,DRL,3,17.66,2025-04-03T18:00:00,2025-04-03T22:00:00,,
GORE STREET ENERGY TRADING LIMITED,GSET-06,Response,DRL,3,12.78,2025-04-03T10:00:00,2025-04-03T14:00:00,,
GORE STREET ENERGY TRADING LIMITED,GSET-06,Response,DRL,3,13.25,2025-04-03T02:00:00,2025-04-03T06:00:00,,
GORE STREET ENERGY TRADING LIMITED,GSET-06,Response,DRL,3,13.25,2025-04-04T10:00:00,2025-04-04T14:00:00,,
GORE STREET ENERGY TRADING LIMITED,GSET-06,Response,DRL,3,14.75,2025-04-04T02:00:00,2025-04-04T06:00:00,,
GORE STREET ENERGY TRADING LIMITED,GSET-06,Response,DRL,3,14.67,2025-04-04T14:00:00,2025-04-04T18:00:00,,
GORE STREET ENERGY TRADING LIMITED,GSET-06,Response,DRL,3,19.2,2025-04-04T06:00:00,2025-04-04T10:00:00,,
GORE STREET ENERGY TRADING LIMITED,GSET-06,Response,DRL,3,9.37,2025-04-03T22:00:00,2025-04-04T02:00:00,,
GORE STREET ENERGY TRADING LIMITED,GSET-06,Response,DRL,3,17.59,2025-04-04T18:00:00,2025-04-04T22:00:00,,
GORE STREET ENERGY TRADING LIMITED,GSET-06,Response,DRL,3,14.16,2025-04-05T06:00:00,2025-04-05T10:00:00,,
GORE STREET ENERGY TRADING LIMITED,GSET-06,Response,DRL,3,11.83,2025-04-04T22:00:00,2025-04-05T02:00:00,,
GORE STREET ENERGY TRADING LIMITED,GSET-06,Response,DRL,3,5.7,2025-04-05T10:00:00,2025-04-05T14:00:00,,
GORE STREET ENERGY TRADING LIMITED,GSET-06,Response,DRL,3,11.07,2025-04-05T02:00:00,2025-04-05T06:00:00,,
GORE STREET ENERGY TRADING LIMITED,GSET-06,Response,DRL,3,12.5,2025-04-05T14:00:00,2025-04-05T18:00:00,,
GORE STREET ENERGY TRADING LIMITED,GSET-06,Response,DRL,3,14.41,2025-04-05T18:00:00,2025-04-05T22:00:00,,
GORE STREET ENERGY TRADING LIMITED,GSET-06,Response,DRL,3,12.73,2025-04-06T10:00:00,2025-04-06T14:00:00,,
GORE STREET ENERGY TRADING LIMITED,GSET-06,Response,DRL,3,11.3,2025-04-05T22:00:00,2025-04-06T02:00:00,,
GORE STREET ENERGY TRADING LIMITED,GSET-06,Response,DRL,3,14.35,2025-04-06T14:00:00,2025-04-06T18:00:00,,
GORE STREET ENERGY TRADING LIMITED,GSET-06,Response,DRL,3,10.58,2025-04-06T02:00:00,2025-04-06T06:00:00,,
GORE STREET ENERGY TRADING LIMITED,GSET-06,Response,DRL,3,13.03,2025-04-06T18:00:00,2025-04-06T22:00:00,,
GORE STREET ENERGY TRADING LIMITED,GSET-06,Response,DRL,3,13.76,2025-04-06T06:00:00,2025-04-06T10:00:00,,
GORE STREET ENERGY TRADING LIMITED,GSET-06,Response,DRL,3,15.97,2025-04-07T02:00:00,2025-04-07T06:00:00,,
GORE STREET ENERGY TRADING LIMITED,GSET-06,Response,DRL,3,8.63,2025-04-06T22:00:00,2025-04-07T02:00:00,,
GORE STREET ENERGY TRADING LIMITED,GSET-06,Response,DRL,3,14.01,2025-04-07T06:00:00,2025-04-07T10:00:00,,
GORE STREET ENERGY TRADING LIMITED,GSET-06,Response,DRL,3,10.81,2025-04-07T10:00:00,2025-04-07T14:00:00,,
GORE STREET ENERGY TRADING LIMITED,GSET-06,Response,DRL,3,15.97,2025-04-07T14:00:00,2025-04-07T18:00:00,,
GORE STREET ENERGY TRADING LIMITED,GSET-06,Response,DRL,3,15.97,2025-04-07T18:00:00,2025-04-07T22:00:00,,
GORE STREET ENERGY TRADING LIMITED,GSET-06,Response,DRL,3,9.29,2025-04-07T22:00:00,2025-04-08T02:00:00,,
GORE STREET ENERGY TRADING LIMITED,GSET-06,Response,DRL,3,14,2025-04-08T02:00:00,2025-04-08T06:00:00,,
GORE STREET ENERGY TRADING LIMITED,GSET-06,Response,DRL,3,14.83,2025-04-08T06:00:00,2025-04-08T10:00:00,,
GORE STREET ENERGY TRADING LIMITED,GSET-06,Response,DRL,3,7.83,2025-04-08T10:00:00,2025-04-08T14:00:00,,
GORE STREET ENERGY TRADING LIMITED,GSET-06,Response,DRL,3,14.46,2025-04-08T14:00:00,2025-04-08T18:00:00,,
GORE STREET ENERGY TRADING LIMITED,GSET-06,Response,DRL,3,15.69,2025-04-08T18:00:00,2025-04-08T22:00:00,,
GORE STREET ENERGY TRADING LIMITED,GSET-06,Response,DRL,3,9.74,2025-04-08T22:00:00,2025-04-09T02:00:00,,
GORE STREET ENERGY TRADING LIMITED,GSET-06,Response,DRL,3,12.28,2025-04-09T10:00:00,2025-04-09T14:00:00,,
GORE STREET ENERGY TRADING LIMITED,GSET-06,Response,DRL,3,14.16,2025-04-09T06:00:00,2025-04-09T10:00:00,,
GORE STREET ENERGY TRADING LIMITED,GSET-06,Response,DRL,3,13.54,2025-04-09T18:00:00,2025-04-09T22:00:00,,
GORE STREET ENERGY TRADING LIMITED,GSET-06,Response,DRL,3,15.36,2025-04-09T02:00:00,2025-04-09T06:00:00,,
GORE STREET ENERGY TRADING LIMITED,GSET-06,Response,DRL,3,10.75,2025-04-09T14:00:00,2025-04-09T18:00:00,,
GORE STREET ENERGY TRADING LIMITED,GSET-06,Response,DRL,3,14.1,2025-04-10T18:00:00,2025-04-10T22:00:00,,
GORE STREET ENERGY TRADING LIMITED,GSET-06,Response,DRL,3,12.96,2025-04-10T06:00:00,2025-04-10T10:00:00,,
GORE STREET ENERGY TRADING LIMITED,GSET-06,Response,DRL,3,13.88,2025-04-10T14:00:00,2025-04-10T18:00:00,,
GORE STREET ENERGY TRADING LIMITED,GSET-06,Response,DRL,3,9.53,2025-04-10T10:00:00,2025-04-10T14:00:00,,
GORE STREET ENERGY TRADING LIMITED,GSET-06,Response,DRL,3,9.66,2025-04-09T22:00:00,2025-04-10T02:00:00,,
GORE STREET ENERGY TRADING LIMITED,GSET-06,Response,DRL,3,11.37,2025-04-10T02:00:00,2025-04-10T06:00:00,,
GORE STREET ENERGY TRADING LIMITED,GSET-06,Response,DRL,3,11.69,2025-04-11T02:00:00,2025-04-11T06:00:00,,
GORE STREET ENERGY TRADING LIMITED,GSET-06,Response,DRL,3,13.03,2025-04-11T18:00:00,2025-04-11T22:00:00,,
GORE STREET ENERGY TRADING LIMITED,GSET-06,Response,DRL,3,13.86,2025-04-11T06:00:00,2025-04-11T10:00:00,,
GORE STREET ENERGY TRADING LIMITED,GSET-06,Response,DRL,3,16.45,2025-04-11T10:00:00,2025-04-11T14:00:00,,
GORE STREET ENERGY TRADING LIMITED,GSET-06,Response,DRL,3,8.96,2025-04-10T22:00:00,2025-04-11T02:00:00,,
GORE STREET ENERGY TRADING LIMITED,GSET-06,Response,DRL,3,8.29,2025-04-11T14:00:00,2025-04-11T18:00:00,,
GORE STREET ENERGY TRADING LIMITED,GSET-06,Response,DRL,3,13.08,2025-04-12T10:00:00,2025-04-12T14:00:00,,
GORE STREET ENERGY TRADING LIMITED,GSET-06,Response,DRL,3,11.9,2025-04-11T22:00:00,2025-04-12T02:00:00,,
GORE STREET ENERGY TRADING LIMITED,GSET-06,Response,DRL,3,11.92,2025-04-12T06:00:00,2025-04-12T10:00:00,,
GORE STREET ENERGY TRADING LIMITED,GSET-06,Response,DRL,3,12.62,2025-04-12T18:00:00,2025-04-12T22:00:00,,
GORE STREET ENERGY TRADING LIMITED,GSET-06,Response,DRL,3,9.18,2025-04-12T02:00:00,2025-04-12T06:00:00,,
GORE STREET ENERGY TRADING LIMITED,GSET-06,Response,DRL,3,14.71,2025-04-12T14:00:00,2025-04-12T18:00:00,,
GORE STREET ENERGY TRADING LIMITED,GSET-06,Response,DRL,3,14.79,2025-04-13T14:00:00,2025-04-13T18:00:00,,
GORE STREET ENERGY TRADING LIMITED,GSET-06,Response,DRL,3,12.65,2025-04-13T06:00:00,2025-04-13T10:00:00,,
GORE STREET ENERGY TRADING LIMITED,GSET-06,Response,DRL,3,11.09,2025-04-12T22:00:00,2025-04-13T02:00:00,,
GORE STREET ENERGY TRADING LIMITED,GSET-06,Response,DRL,3,13.69,2025-04-13T18:00:00,2025-04-13T22:00:00,,
GORE STREET ENERGY TRADING LIMITED,GSET-06,Response,DRL,3,10.74,2025-04-13T10:00:00,2025-04-13T14:00:00,,
GORE STREET ENERGY TRADING LIMITED,GSET-06,Response,DRL,3,13.85,2025-04-13T02:00:00,2025-04-13T06:00:00,,
GORE STREET ENERGY TRADING LIMITED,GSET-06,Response,DRL,3,12.99,2025-04-14T18:00:00,2025-04-14T22:00:00,,
GORE STREET ENERGY TRADING LIMITED,GSET-06,Response,DRL,3,14.57,2025-04-14T02:00:00,2025-04-14T06:00:00,,
GORE STREET ENERGY TRADING LIMITED,GSET-06,Response,DRL,3,12.96,2025-04-14T14:00:00,2025-04-14T18:00:00,,
GORE STREET ENERGY TRADING LIMITED,GSET-06,Response,DRL,3,8.86,2025-04-13T22:00:00,2025-04-14T02:00:00,,
GORE STREET ENERGY TRADING LIMITED,GSET-06,Response,DRL,3,13.35,2025-04-14T10:00:00,2025-04-14T14:00:00,,
GORE STREET ENERGY TRADING LIMITED,GSET-06,Response,DRL,3,15.55,2025-04-14T06:00:00,2025-04-14T10:00:00,,
GORE STREET ENERGY TRADING LIMITED,GSET-06,Response,DRL,3,13.94,2025-04-15T14:00:00,2025-04-15T18:00:00,,
GORE STREET ENERGY TRADING LIMITED,GSET-06,Response,DRL,3,9.34,2025-04-14T22:00:00,2025-04-15T02:00:00,,
GORE STREET ENERGY TRADING LIMITED,GSET-06,Response,DRL,3,9.68,2025-04-15T02:00:00,2025-04-15T06:00:00,,
GORE STREET ENERGY TRADING LIMITED,GSET-06,Response,DRL,3,13.29,2025-04-15T18:00:00,2025-04-15T22:00:00,,
GORE STREET ENERGY TRADING LIMITED,GSET-06,Response,DRL,3,14.7,2025-04-15T06:00:00,2025-04-15T10:00:00,,
GORE STREET ENERGY TRADING LIMITED,GSET-06,Response,DRL,3,10.42,2025-04-15T10:00:00,2025-04-15T14:00:00,,
GORE STREET ENERGY TRADING LIMITED,GSET-06,Response,DRL,3,13.25,2025-04-16T10:00:00,2025-04-16T14:00:00,,
GORE STREET ENERGY TRADING LIMITED,GSET-06,Response,DRL,3,13.9,2025-04-16T02:00:00,2025-04-16T06:00:00,,
GORE STREET ENERGY TRADING LIMITED,GSET-06,Response,DRL,3,14.1,2025-04-16T14:00:00,2025-04-16T18:00:00,,
GORE STREET ENERGY TRADING LIMITED,GSET-06,Response,DRL,3,13.24,2025-04-16T06:00:00,2025-04-16T10:00:00,,
GORE STREET ENERGY TRADING LIMITED,GSET-06,Response,DRL,3,10.67,2025-04-15T22:00:00,2025-04-16T02:00:00,,
GORE STREET ENERGY TRADING LIMITED,GSET-06,Response,DRL,3,15.46,2025-04-16T18:00:00,2025-04-16T22:00:00,,
GORE STREET ENERGY TRADING LIMITED,GSET-06,Response,DRL,3,12.27,2025-04-17T14:00:00,2025-04-17T18:00:00,,
GORE STREET ENERGY TRADING LIMITED,GSET-06,Response,DRL,3,13.41,2025-04-17T18:00:00,2025-04-17T22:00:00,,
GORE STREET ENERGY TRADING LIMITED,GSET-06,Response,DRL,3,10.07,2025-04-17T02:00:00,2025-04-17T06:00:00,,
GORE STREET ENERGY TRADING LIMITED,GSET-06,Response,DRL,3,13.46,2025-04-17T06:00:00,2025-04-17T10:00:00,,
GORE STREET ENERGY TRADING LIMITED,GSET-06,Response,DRL,3,9.03,2025-04-17T10:00:00,2025-04-17T14:00:00,,
GORE STREET ENERGY TRADING LIMITED,GSET-06,Response,DRL,3,8.24,2025-04-16T22:00:00,2025-04-17T02:00:00,,
GORE STREET ENERGY TRADING LIMITED,GSET-06,Response,DRL,3,11.42,2025-04-18T14:00:00,2025-04-18T18:00:00,,
GORE STREET ENERGY TRADING LIMITED,GSET-06,Response,DRL,3,10.7,2025-04-18T18:00:00,2025-04-18T22:00:00,,
GORE STREET ENERGY TRADING LIMITED,GSET-06,Response,DRL,3,8.97,2025-04-17T22:00:00,2025-04-18T02:00:00,,
GORE STREET ENERGY TRADING LIMITED,GSET-06,Response,DRL,3,11.26,2025-04-18T02:00:00,2025-04-18T06:00:00,,
GORE STREET ENERGY TRADING LIMITED,GSET-06,Response,DRL,3,12.78,2025-04-18T06:00:00,2025-04-18T10:00:00,,
GORE STREET ENERGY TRADING LIMITED,GSET-06,Response,DRL,3,17.1,2025-04-18T10:00:00,2025-04-18T14:00:00,,
GORE STREET ENERGY TRADING LIMITED,GSET-06,Response,DRL,3,11.95,2025-04-19T02:00:00,2025-04-19T06:00:00,,
GORE STREET ENERGY TRADING LIMITED,GSET-06,Response,DRL,3,13.64,2025-04-19T06:00:00,2025-04-19T10:00:00,,
GORE STREET ENERGY TRADING LIMITED,GSET-06,Response,DRL,3,12.59,2025-04-19T10:00:00,2025-04-19T14:00:00,,
GORE STREET ENERGY TRADING LIMITED,GSET-06,Response,DRL,3,14.4,2025-04-19T14:00:00,2025-04-19T18:00:00,,
GORE STREET ENERGY TRADING LIMITED,GSET-06,Response,DRL,3,15.25,2025-04-19T18:00:00,2025-04-19T22:00:00,,
GORE STREET ENERGY TRADING LIMITED,GSET-06,Response,DRL,3,13.23,2025-04-18T22:00:00,2025-04-19T02:00:00,,
GORE STREET ENERGY TRADING LIMITED,GSET-06,Response,DRL,3,12.1,2025-04-19T22:00:00,2025-04-20T02:00:00,,
GORE STREET ENERGY TRADING LIMITED,GSET-06,Response,DRL,3,10.16,2025-04-20T06:00:00,2025-04-20T10:00:00,,
GORE STREET ENERGY TRADING LIMITED,GSET-06,Response,DRL,3,13.3,2025-04-20T02:00:00,2025-04-20T06:00:00,,
GORE STREET ENERGY TRADING LIMITED,GSET-06,Response,DRL,3,8.27,2025-04-20T10:00:00,2025-04-20T14:00:00,,
GORE STREET ENERGY TRADING LIMITED,GSET-06,Response,DRL,3,12.27,2025-04-20T18:00:00,2025-04-20T22:00:00,,
GORE STREET ENERGY TRADING LIMITED,GSET-06,Response,DRL,3,16.12,2025-04-20T14:00:00,2025-04-20T18:00:00,,
GORE STREET ENERGY TRADING LIMITED,GSET-06,Response,DRL,3,11.03,2025-04-21T06:00:00,2025-04-21T10:00:00,,
GORE STREET ENERGY TRADING LIMITED,GSET-06,Response,DRL,3,9.23,2025-04-20T22:00:00,2025-04-21T02:00:00,,
GORE STREET ENERGY TRADING LIMITED,GSET-06,Response,DRL,3,11.71,2025-04-21T18:00:00,2025-04-21T22:00:00,,
GORE STREET ENERGY TRADING LIMITED,GSET-06,Response,DRL,3,9.47,2025-04-21T10:00:00,2025-04-21T14:00:00,,
GORE STREET ENERGY TRADING LIMITED,GSET-06,Response,DRL,3,8.11,2025-04-21T02:00:00,2025-04-21T06:00:00,,
GORE STREET ENERGY TRADING LIMITED,GSET-06,Response,DRL,3,12.72,2025-04-21T14:00:00,2025-04-21T18:00:00,,
GORE STREET ENERGY TRADING LIMITED,GSET-06,Response,DRL,3,15.88,2025-04-22T14:00:00,2025-04-22T18:00:00,,
GORE STREET ENERGY TRADING LIMITED,GSET-06,Response,DRL,3,14.44,2025-04-22T06:00:00,2025-04-22T10:00:00,,
GORE STREET ENERGY TRADING LIMITED,GSET-06,Response,DRL,3,9.03,2025-04-21T22:00:00,2025-04-22T02:00:00,,
GORE STREET ENERGY TRADING LIMITED,GSET-06,Response,DRL,3,14.71,2025-04-22T18:00:00,2025-04-22T22:00:00,,
GORE STREET ENERGY TRADING LIMITED,GSET-06,Response,DRL,3,11.98,2025-04-22T10:00:00,2025-04-22T14:00:00,,
GORE STREET ENERGY TRADING LIMITED,GSET-06,Response,DRL,3,10.46,2025-04-22T02:00:00,2025-04-22T06:00:00,,
GORE STREET ENERGY TRADING LIMITED,GSET-06,Response,DRL,3,15.18,2025-04-23T18:00:00,2025-04-23T22:00:00,,
GORE STREET ENERGY TRADING LIMITED,GSET-06,Response,DRL,3,13.04,2025-04-23T10:00:00,2025-04-23T14:00:00,,
GORE STREET ENERGY TRADING LIMITED,GSET-06,Response,DRL,3,13.7,2025-04-23T02:00:00,2025-04-23T06:00:00,,
GORE STREET ENERGY TRADING LIMITED,GSET-06,Response,DRL,3,16.87,2025-04-23T14:00:00,2025-04-23T18:00:00,,
GORE STREET ENERGY TRADING LIMITED,GSET-06,Response,DRL,3,17.9,2025-04-23T06:00:00,2025-04-23T10:00:00,,
GORE STREET ENERGY TRADING LIMITED,GSET-06,Response,DRL,3,8.75,2025-04-22T22:00:00,2025-04-23T02:00:00,,
GORE STREET ENERGY TRADING LIMITED,GSET-06,Response,DRL,3,12.78,2025-04-24T14:00:00,2025-04-24T18:00:00,,
GORE STREET ENERGY TRADING LIMITED,GSET-06,Response,DRL,3,15.91,2025-04-24T06:00:00,2025-04-24T10:00:00,,
GORE STREET ENERGY TRADING LIMITED,GSET-06,Response,DRL,3,8.73,2025-04-23T22:00:00,2025-04-24T02:00:00,,
GORE STREET ENERGY TRADING LIMITED,GSET-06,Response,DRL,3,11.83,2025-04-24T18:00:00,2025-04-24T22:00:00,,
GORE STREET ENERGY TRADING LIMITED,GSET-06,Response,DRL,3,11.15,2025-04-24T10:00:00,2025-04-24T14:00:00,,
GORE STREET ENERGY TRADING LIMITED,GSET-06,Response,DRL,3,12.49,2025-04-24T02:00:00,2025-04-24T06:00:00,,
GORE STREET ENERGY TRADING LIMITED,GSET-06,Response,DRL,3,15.48,2025-04-25T06:00:00,2025-04-25T10:00:00,,
GORE STREET ENERGY TRADING LIMITED,GSET-06,Response,DRL,3,12.08,2025-04-24T22:00:00,2025-04-25T02:00:00,,
GORE STREET ENERGY TRADING LIMITED,GSET-06,Response,DRL,3,16.69,2025-04-25T18:00:00,2025-04-25T22:00:00,,
GORE STREET ENERGY TRADING LIMITED,GSET-06,Response,DRL,3,8.75,2025-04-25T10:00:00,2025-04-25T14:00:00,,
GORE STREET ENERGY TRADING LIMITED,GSET-06,Response,DRL,3,11.38,2025-04-25T02:00:00,2025-04-25T06:00:00,,
GORE STREET ENERGY TRADING LIMITED,GSET-06,Response,DRL,3,14.68,2025-04-25T14:00:00,2025-04-25T18:00:00,,
GORE STREET ENERGY TRADING LIMITED,GSET-06,Response,DRL,3,9.36,2025-04-25T22:00:00,2025-04-26T02:00:00,,
GORE STREET ENERGY TRADING LIMITED,GSET-06,Response,DRL,3,11.05,2025-04-26T06:00:00,2025-04-26T10:00:00,,
GORE STREET ENERGY TRADING LIMITED,GSET-06,Response,DRL,3,8.83,2025-04-26T02:00:00,2025-04-26T06:00:00,,
GORE STREET ENERGY TRADING LIMITED,GSET-06,Response,DRL,3,9.43,2025-04-26T10:00:00,2025-04-26T14:00:00,,
GORE STREET ENERGY TRADING LIMITED,GSET-06,Response,DRL,3,9.97,2025-04-26T14:00:00,2025-04-26T18:00:00,,
GORE STREET ENERGY TRADING LIMITED,GSET-06,Response,DRL,3,9.79,2025-04-26T18:00:00,2025-04-26T22:00:00,,
GORE STREET ENERGY TRADING LIMITED,GSET-06,Response,DRL,3,12.59,2025-04-27T02:00:00,2025-04-27T06:00:00,,
GORE STREET ENERGY TRADING LIMITED,GSET-06,Response,DRH,3,14.22,2025-04-27T14:00:00,2025-04-27T18:00:00,,
GORE STREET ENERGY TRADING LIMITED,GSET-06,Response,DRL,3,12.64,2025-04-26T22:00:00,2025-04-27T02:00:00,,
GORE STREET ENERGY TRADING LIMITED,GSET-06,Response,DRL,3,8.7,2025-04-27T10:00:00,2025-04-27T14:00:00,,
GORE STREET ENERGY TRADING LIMITED,GSET-06,Response,DRL,3,13.99,2025-04-27T06:00:00,2025-04-27T10:00:00,,
GORE STREET ENERGY TRADING LIMITED,GSET-06,Response,DRL,3,19,2025-04-27T18:00:00,2025-04-27T22:00:00,,
GORE STREET ENERGY TRADING LIMITED,GSET-06,Response,DRL,3,11.61,2025-04-27T22:00:00,2025-04-28T02:00:00,,
GORE STREET ENERGY TRADING LIMITED,GSET-06,Response,DRL,3,14,2025-04-28T18:00:00,2025-04-28T22:00:00,,
GORE STREET ENERGY TRADING LIMITED,GSET-06,Response,DRL,3,10.42,2025-04-28T10:00:00,2025-04-28T14:00:00,,
GORE STREET ENERGY TRADING LIMITED,GSET-06,Response,DRL,3,11,2025-04-28T02:00:00,2025-04-28T06:00:00,,
GORE STREET ENERGY TRADING LIMITED,GSET-06,Response,DRL,3,14.67,2025-04-28T14:00:00,2025-04-28T18:00:00,,
GORE STREET ENERGY TRADING LIMITED,GSET-06,Response,DRL,3,11.86,2025-04-28T06:00:00,2025-04-28T10:00:00,,
GORE STREET ENERGY TRADING LIMITED,GSET-06,Response,DRL,3,13.3,2025-04-29T14:00:00,2025-04-29T18:00:00,,
GORE STREET ENERGY TRADING LIMITED,GSET-06,Response,DRL,3,13.44,2025-04-29T06:00:00,2025-04-29T10:00:00,,
GORE STREET ENERGY TRADING LIMITED,GSET-06,Response,DRL,3,8.1,2025-04-28T22:00:00,2025-04-29T02:00:00,,
GORE STREET ENERGY TRADING LIMITED,GSET-06,Response,DRL,3,14.01,2025-04-29T18:00:00,2025-04-29T22:00:00,,
GORE STREET ENERGY TRADING LIMITED,GSET-06,Response,DRL,3,10.62,2025-04-29T10:00:00,2025-04-29T14:00:00,,
GORE STREET ENERGY TRADING LIMITED,GSET-06,Response,DRL,3,11.24,2025-04-29T02:00:00,2025-04-29T06:00:00,,
GORE STREET ENERGY TRADING LIMITED,GSET-06,Response,DRL,3,13.48,2025-04-30T14:00:00,2025-04-30T18:00:00,,
GORE STREET ENERGY TRADING LIMITED,GSET-06,Response,DRL,3,11.87,2025-04-30T06:00:00,2025-04-30T10:00:00,,
GORE STREET ENERGY TRADING LIMITED,GSET-06,Response,DRL,3,11.75,2025-04-30T02:00:00,2025-04-30T06:00:00,,
GORE STREET ENERGY TRADING LIMITED,GSET-06,Response,DRL,3,8.92,2025-04-29T22:00:00,2025-04-30T02:00:00,,
GORE STREET ENERGY TRADING LIMITED,GSET-06,Response,DRL,3,11.77,2025-04-30T18:00:00,2025-04-30T22:00:00,,
GORE STREET ENERGY TRADING LIMITED,GSET-06,Response,DRL,3,10.75,2025-04-30T10:00:00,2025-04-30T14:00:00,,
GORE STREET ENERGY TRADING LIMITED,GSET-06,Response,DRL,3,11.44,2025-05-01T14:00:00,2025-05-01T18:00:00,,
GORE STREET ENERGY TRADING LIMITED,GSET-06,Response,DRL,3,15.05,2025-05-01T06:00:00,2025-05-01T10:00:00,,
GORE STREET ENERGY TRADING LIMITED,GSET-06,Response,DRL,3,10.42,2025-04-30T22:00:00,2025-05-01T02:00:00,,
GORE STREET ENERGY TRADING LIMITED,GSET-06,Response,DRL,3,15.56,2025-05-01T18:00:00,2025-05-01T22:00:00,,
GORE STREET ENERGY TRADING LIMITED,GSET-06,Response,DRL,3,13.5,2025-05-01T10:00:00,2025-05-01T14:00:00,,
GORE STREET ENERGY TRADING LIMITED,GSET-06,Response,DRL,3,10.42,2025-05-01T02:00:00,2025-05-01T06:00:00,,
GORE STREET ENERGY TRADING LIMITED,GSET-06,Response,DRL,3,9.05,2025-05-01T22:00:00,2025-05-02T02:00:00,,
GORE STREET ENERGY TRADING LIMITED,GSET-06,Response,DRL,3,10.77,2025-05-02T10:00:00,2025-05-02T14:00:00,,
GORE STREET ENERGY TRADING LIMITED,GSET-06,Response,DRL,3,13.93,2025-05-02T06:00:00,2025-05-02T10:00:00,,
GORE STREET ENERGY TRADING LIMITED,GSET-06,Response,DRL,3,15.57,2025-05-02T18:00:00,2025-05-02T22:00:00,,
GORE STREET ENERGY TRADING LIMITED,GSET-06,Response,DRL,3,11.8,2025-05-02T02:00:00,2025-05-02T06:00:00,,
GORE STREET ENERGY TRADING LIMITED,GSET-06,Response,DRL,3,10,2025-05-02T14:00:00,2025-05-02T18:00:00,,
GORE STREET ENERGY TRADING LIMITED,GSET-06,Response,DRL,3,11.76,2025-05-03T14:00:00,2025-05-03T18:00:00,,
GORE STREET ENERGY TRADING LIMITED,GSET-06,Response,DRL,3,13.56,2025-05-03T06:00:00,2025-05-03T10:00:00,,
GORE STREET ENERGY TRADING LIMITED,GSET-06,Response,DRL,3,11.67,2025-05-02T22:00:00,2025-05-03T02:00:00,,
GORE STREET ENERGY TRADING LIMITED,GSET-06,Response,DRL,3,17.72,2025-05-03T18:00:00,2025-05-03T22:00:00,,
GORE STREET ENERGY TRADING LIMITED,GSET-06,Response,DRL,3,8.89,2025-05-03T10:00:00,2025-05-03T14:00:00,,
GORE STREET ENERGY TRADING LIMITED,GSET-06,Response,DRL,3,11.53,2025-05-03T02:00:00,2025-05-03T06:00:00,,
GORE STREET ENERGY TRADING LIMITED,GSET-06,Response,DRL,3,12.49,2025-05-03T22:00:00,2025-05-04T02:00:00,,
GORE STREET ENERGY TRADING LIMITED,GSET-06,Response,DRL,3,11.45,2025-05-04T02:00:00,2025-05-04T06:00:00,,
GORE STREET ENERGY TRADING LIMITED,GSET-06,Response,DRL,3,7.36,2025-05-04T10:00:00,2025-05-04T14:00:00,,
GORE STREET ENERGY TRADING LIMITED,GSET-06,Response,DRL,3,12.25,2025-05-04T06:00:00,2025-05-04T10:00:00,,
GORE STREET ENERGY TRADING LIMITED,GSET-06,Response,DRL,3,13.7,2025-05-04T14:00:00,2025-05-04T18:00:00,,
GORE STREET ENERGY TRADING LIMITED,GSET-06,Response,DRL,3,15.87,2025-05-04T18:00:00,2025-05-04T22:00:00,,
GORE STREET ENERGY TRADING LIMITED,GSET-06,Response,DRL,3,11.47,2025-05-04T22:00:00,2025-05-05T02:00:00,,
GORE STREET ENERGY TRADING LIMITED,GSET-06,Response,DRL,3,11.21,2025-05-05T02:00:00,2025-05-05T06:00:00,,
GORE STREET ENERGY TRADING LIMITED,GSET-06,Response,DRL,3,11.5,2025-05-05T18:00:00,2025-05-05T22:00:00,,
GORE STREET ENERGY TRADING LIMITED,GSET-06,Response,DRL,3,14.05,2025-05-05T06:00:00,2025-05-05T10:00:00,,
GORE STREET ENERGY TRADING LIMITED,GSET-06,Response,DRL,3,8.83,2025-05-05T10:00:00,2025-05-05T14:00:00,,
GORE STREET ENERGY TRADING LIMITED,GSET-06,Response,DRL,3,10.96,2025-05-05T14:00:00,2025-05-05T18:00:00,,
GORE STREET ENERGY TRADING LIMITED,GSET-06,Response,DRL,3,13.5,2025-05-06T18:00:00,2025-05-06T22:00:00,,
GORE STREET ENERGY TRADING LIMITED,GSET-06,Response,DRL,3,10.89,2025-05-06T10:00:00,2025-05-06T14:00:00,,
GORE STREET ENERGY TRADING LIMITED,GSET-06,Response,DRL,3,8.32,2025-05-06T02:00:00,2025-05-06T06:00:00,,
GORE STREET ENERGY TRADING LIMITED,GSET-06,Response,DRL,3,10.89,2025-05-06T14:00:00,2025-05-06T18:00:00,,
GORE STREET ENERGY TRADING LIMITED,GSET-06,Response,DRL,3,12.62,2025-05-06T06:00:00,2025-05-06T10:00:00,,
GORE STREET ENERGY TRADING LIMITED,GSET-06,Response,DRL,3,8.7,2025-05-05T22:00:00,2025-05-06T02:00:00,,
GORE STREET ENERGY TRADING LIMITED,GSET-06,Response,DRL,3,11,2025-05-07T18:00:00,2025-05-07T22:00:00,,
GORE STREET ENERGY TRADING LIMITED,GSET-06,Response,DRL,3,14.49,2025-05-07T02:00:00,2025-05-07T06:00:00,,
GORE STREET ENERGY TRADING LIMITED,GSET-06,Response,DRL,3,11.28,2025-05-07T06:00:00,2025-05-07T10:00:00,,
GORE STREET ENERGY TRADING LIMITED,GSET-06,Response,DRL,3,8.41,2025-05-07T10:00:00,2025-05-07T14:00:00,,
GORE STREET ENERGY TRADING LIMITED,GSET-06,Response,DRL,3,9.73,2025-05-06T22:00:00,2025-05-07T02:00:00,,
GORE STREET ENERGY TRADING LIMITED,GSET-06,Response,DRL,3,14.1,2025-05-07T14:00:00,2025-05-07T18:00:00,,
GORE STREET ENERGY TRADING LIMITED,GSET-06,Response,DRL,3,13.5,2025-05-08T18:00:00,2025-05-08T22:00:00,,
GORE STREET ENERGY TRADING LIMITED,GSET-06,Response,DRL,3,10,2025-05-08T10:00:00,2025-05-08T14:00:00,,
GORE STREET ENERGY TRADING LIMITED,GSET-06,Response,DRL,3,9.05,2025-05-08T02:00:00,2025-05-08T06:00:00,,
GORE STREET ENERGY TRADING LIMITED,GSET-06,Response,DRL,3,10.75,2025-05-08T14:00:00,2025-05-08T18:00:00,,
GORE STREET ENERGY TRADING LIMITED,GSET-06,Response,DRL,3,13.65,2025-05-08T06:00:00,2025-05-08T10:00:00,,
GORE STREET ENERGY TRADING LIMITED,GSET-06,Response,DRL,3,8.5,2025-05-07T22:00:00,2025-05-08T02:00:00,,
GORE STREET ENERGY TRADING LIMITED,GSET-06,Response,DRL,3,10.5,2025-05-09T14:00:00,2025-05-09T18:00:00,,
GORE STREET ENERGY TRADING LIMITED,GSET-06,Response,DRL,3,11,2025-05-09T18:00:00,2025-05-09T22:00:00,,
GORE STREET ENERGY TRADING LIMITED,GSET-06,Response,DRL,3,9.09,2025-05-08T22:00:00,2025-05-09T02:00:00,,
GORE STREET ENERGY TRADING LIMITED,GSET-06,Response,DRL,3,13.69,2025-05-09T02:00:00,2025-05-09T06:00:00,,
GORE STREET ENERGY TRADING LIMITED,GSET-06,Response,DRL,3,13.45,2025-05-09T06:00:00,2025-05-09T10:00:00,,
GORE STREET ENERGY TRADING LIMITED,GSET-06,Response,DRL,3,11.59,2025-05-09T10:00:00,2025-05-09T14:00:00,,
GORE STREET ENERGY TRADING LIMITED,GSET-06,Response,DRL,3,12.11,2025-05-11T14:00:00,2025-05-11T18:00:00,,
GORE STREET ENERGY TRADING LIMITED,GSET-06,Response,DRL,3,12.59,2025-05-11T06:00:00,2025-05-11T10:00:00,,
GORE STREET ENERGY TRADING LIMITED,GSET-06,Response,DRL,3,11.54,2025-05-10T22:00:00,2025-05-11T02:00:00,,
GORE STREET ENERGY TRADING LIMITED,GSET-06,Response,DRL,3,15.15,2025-05-11T18:00:00,2025-05-11T22:00:00,,
GORE STREET ENERGY TRADING LIMITED,GSET-06,Response,DRL,3,9.47,2025-05-11T10:00:00,2025-05-11T14:00:00,,
GORE STREET ENERGY TRADING LIMITED,GSET-06,Response,DRL,3,12.39,2025-05-11T02:00:00,2025-05-11T06:00:00,,
GORE STREET ENERGY TRADING LIMITED,GSET-06,Response,DRL,3,16.33,2025-05-12T18:00:00,2025-05-12T22:00:00,,
GORE STREET ENERGY TRADING LIMITED,GSET-06,Response,DRL,3,13.82,2025-05-12T10:00:00,2025-05-12T14:00:00,,
GORE STREET ENERGY TRADING LIMITED,GSET-06,Response,DRL,3,10.4,2025-05-12T02:00:00,2025-05-12T06:00:00,,
GORE STREET ENERGY TRADING LIMITED,GSET-06,Response,DRL,3,10.69,2025-05-12T14:00:00,2025-05-12T18:00:00,,
GORE STREET ENERGY TRADING LIMITED,GSET-06,Response,DRL,3,15.51,2025-05-12T06:00:00,2025-05-12T10:00:00,,
GORE STREET ENERGY TRADING LIMITED,GSET-06,Response,DRL,3,8.85,2025-05-11T22:00:00,2025-05-12T02:00:00,,
GORE STREET ENERGY TRADING LIMITED,GSET-06,Response,DRL,3,11.91,2025-05-13T14:00:00,2025-05-13T18:00:00,,
GORE STREET ENERGY TRADING LIMITED,GSET-06,Response,DRL,3,12.21,2025-05-13T06:00:00,2025-05-13T10:00:00,,
GORE STREET ENERGY TRADING LIMITED,GSET-06,Response,DRL,3,14,2025-05-12T22:00:00,2025-05-13T02:00:00,,
GORE STREET ENERGY TRADING LIMITED,GSET-06,Response,DRL,3,14.53,2025-05-13T18:00:00,2025-05-13T22:00:00,,
GORE STREET ENERGY TRADING LIMITED,GSET-06,Response,DRL,3,11.91,2025-05-13T10:00:00,2025-05-13T14:00:00,,
GORE STREET ENERGY TRADING LIMITED,GSET-06,Response,DRL,3,8.8,2025-05-13T02:00:00,2025-05-13T06:00:00,,
GORE STREET ENERGY TRADING LIMITED,GSET-06,Response,DRL,3,13.26,2025-05-13T22:00:00,2025-05-14T02:00:00,,
GORE STREET ENERGY TRADING LIMITED,GSET-06,Response,DRL,3,11.54,2025-05-14T02:00:00,2025-05-14T06:00:00,,
GORE STREET ENERGY TRADING LIMITED,GSET-06,Response,DRL,3,15.62,2025-05-14T06:00:00,2025-05-14T10:00:00,,
GORE STREET ENERGY TRADING LIMITED,GSET-06,Response,DRL,3,14.32,2025-05-14T10:00:00,2025-05-14T14:00:00,,
GORE STREET ENERGY TRADING LIMITED,GSET-06,Response,DRL,3,10.93,2025-05-14T14:00:00,2025-05-14T18:00:00,,
GORE STREET ENERGY TRADING LIMITED,GSET-06,Response,DRL,3,13.9,2025-05-14T18:00:00,2025-05-14T22:00:00,,
GORE STREET ENERGY TRADING LIMITED,GSET-06,Response,DRL,3,9.75,2025-05-15T02:00:00,2025-05-15T06:00:00,,
GORE STREET ENERGY TRADING LIMITED,GSET-06,Response,DRL,3,15.38,2025-05-15T14:00:00,2025-05-15T18:00:00,,
GORE STREET ENERGY TRADING LIMITED,GSET-06,Response,DRL,3,11.65,2025-05-14T22:00:00,2025-05-15T02:00:00,,
GORE STREET ENERGY TRADING LIMITED,GSET-06,Response,DRL,3,10.51,2025-05-15T10:00:00,2025-05-15T14:00:00,,
GORE STREET ENERGY TRADING LIMITED,GSET-06,Response,DRL,3,11.55,2025-05-15T06:00:00,2025-05-15T10:00:00,,
GORE STREET ENERGY TRADING LIMITED,GSET-06,Response,DRL,3,15.42,2025-05-15T18:00:00,2025-05-15T22:00:00,,
GORE STREET ENERGY TRADING LIMITED,GSET-06,Response,DRL,3,11.65,2025-05-16T10:00:00,2025-05-16T14:00:00,,
GORE STREET ENERGY TRADING LIMITED,GSET-06,Response,DRL,3,11.69,2025-05-16T14:00:00,2025-05-16T18:00:00,,
GORE STREET ENERGY TRADING LIMITED,GSET-06,Response,DRL,3,8.68,2025-05-15T22:00:00,2025-05-16T02:00:00,,
GORE STREET ENERGY TRADING LIMITED,GSET-06,Response,DRL,3,10.46,2025-05-16T02:00:00,2025-05-16T06:00:00,,
GORE STREET ENERGY TRADING LIMITED,GSET-06,Response,DRL,3,14.52,2025-05-16T18:00:00,2025-05-16T22:00:00,,
GORE STREET ENERGY TRADING LIMITED,GSET-06,Response,DRL,3,11.94,2025-05-16T06:00:00,2025-05-16T10:00:00,,
GORE STREET ENERGY TRADING LIMITED,GSET-06,Response,DRL,3,8.75,2025-05-17T14:00:00,2025-05-17T18:00:00,,
GORE STREET ENERGY TRADING LIMITED,GSET-06,Response,DRL,3,10.05,2025-05-17T02:00:00,2025-05-17T06:00:00,,
GORE STREET ENERGY TRADING LIMITED,GSET-06,Response,DRL,3,16.05,2025-05-17T18:00:00,2025-05-17T22:00:00,,
GORE STREET ENERGY TRADING LIMITED,GSET-06,Response,DRL,3,12.23,2025-05-17T06:00:00,2025-05-17T10:00:00,,
GORE STREET ENERGY TRADING LIMITED,GSET-06,Response,DRL,3,11.17,2025-05-17T10:00:00,2025-05-17T14:00:00,,
GORE STREET ENERGY TRADING LIMITED,GSET-06,Response,DRL,3,9.64,2025-05-16T22:00:00,2025-05-17T02:00:00,,
GORE STREET ENERGY TRADING LIMITED,GSET-06,Response,DRL,3,10.83,2025-05-18T10:00:00,2025-05-18T14:00:00,,
GORE STREET ENERGY TRADING LIMITED,GSET-06,Response,DRL,3,9.46,2025-05-17T22:00:00,2025-05-18T02:00:00,,
GORE STREET ENERGY TRADING LIMITED,GSET-06,Response,DRL,3,11.09,2025-05-18T06:00:00,2025-05-18T10:00:00,,
GORE STREET ENERGY TRADING LIMITED,GSET-06,Response,DRL,3,15.99,2025-05-18T18:00:00,2025-05-18T22:00:00,,
GORE STREET ENERGY TRADING LIMITED,GSET-06,Response,DRL,3,10.81,2025-05-18T02:00:00,2025-05-18T06:00:00,,
GORE STREET ENERGY TRADING LIMITED,GSET-06,Response,DRL,3,11.91,2025-05-18T14:00:00,2025-05-18T18:00:00,,
GORE STREET ENERGY TRADING LIMITED,GSET-06,Response,DRL,3,9.86,2025-05-18T22:00:00,2025-05-19T02:00:00,,
GORE STREET ENERGY TRADING LIMITED,GSET-06,Response,DRL,3,8.64,2025-05-19T10:00:00,2025-05-19T14:00:00,,
GORE STREET ENERGY TRADING LIMITED,GSET-06,Response,DRL,3,12.15,2025-05-19T06:00:00,2025-05-19T10:00:00,,
GORE STREET ENERGY TRADING LIMITED,GSET-06,Response,DRL,3,14.82,2025-05-19T18:00:00,2025-05-19T22:00:00,,
GORE STREET ENERGY TRADING LIMITED,GSET-06,Response,DRL,3,14.02,2025-05-19T02:00:00,2025-05-19T06:00:00,,
GORE STREET ENERGY TRADING LIMITED,GSET-06,Response,DRL,3,11.81,2025-05-19T14:00:00,2025-05-19T18:00:00,,
GORE STREET ENERGY TRADING LIMITED,GSET-06,Response,DRL,3,8.62,2025-05-19T22:00:00,2025-05-20T02:00:00,,
GORE STREET ENERGY TRADING LIMITED,GSET-06,Response,DRL,3,13.54,2025-05-20T18:00:00,2025-05-20T22:00:00,,
GORE STREET ENERGY TRADING LIMITED,GSET-06,Response,DRL,3,8.78,2025-05-20T14:00:00,2025-05-20T18:00:00,,
GORE STREET ENERGY TRADING LIMITED,GSET-06,Response,DRL,3,15.33,2025-05-20T10:00:00,2025-05-20T14:00:00,,
GORE STREET ENERGY TRADING LIMITED,GSET-06,Response,DRL,3,13.76,2025-05-20T06:00:00,2025-05-20T10:00:00,,
GORE STREET ENERGY TRADING LIMITED,GSET-06,Response,DRL,3,11.49,2025-05-20T02:00:00,2025-05-20T06:00:00,,
GORE STREET ENERGY TRADING LIMITED,GSET-06,Response,DRL,3,14.41,2025-05-22T10:00:00,2025-05-22T14:00:00,,
GORE STREET ENERGY TRADING LIMITED,GSET-06,Response,DRL,3,10.25,2025-05-21T22:00:00,2025-05-22T02:00:00,,
GORE STREET ENERGY TRADING LIMITED,GSET-06,Response,DRL,3,10.75,2025-05-22T14:00:00,2025-05-22T18:00:00,,
GORE STREET ENERGY TRADING LIMITED,GSET-06,Response,DRL,3,13.41,2025-05-22T02:00:00,2025-05-22T06:00:00,,
GORE STREET ENERGY TRADING LIMITED,GSET-06,Response,DRL,3,11.75,2025-05-22T18:00:00,2025-05-22T22:00:00,,
GORE STREET ENERGY TRADING LIMITED,GSET-06,Response,DRL,3,11.23,2025-05-22T06:00:00,2025-05-22T10:00:00,,
GORE STREET ENERGY TRADING LIMITED,GSET-06,Response,DRL,3,8.23,2025-05-23T02:00:00,2025-05-23T06:00:00,,
GORE STREET ENERGY TRADING LIMITED,GSET-06,Response,DRL,3,10.93,2025-05-23T14:00:00,2025-05-23T18:00:00,,
GORE STREET ENERGY TRADING LIMITED,GSET-06,Response,DRL,3,11.13,2025-05-23T10:00:00,2025-05-23T14:00:00,,
GORE STREET ENERGY TRADING LIMITED,GSET-06,Response,DRL,3,13.06,2025-05-22T22:00:00,2025-05-23T02:00:00,,
GORE STREET ENERGY TRADING LIMITED,GSET-06,Response,DRL,3,10.51,2025-05-23T06:00:00,2025-05-23T10:00:00,,
GORE STREET ENERGY TRADING LIMITED,GSET-06,Response,DRL,3,11.15,2025-05-23T18:00:00,2025-05-23T22:00:00,,
GORE STREET ENERGY TRADING LIMITED,GSET-06,Response,DRL,3,15.25,2025-05-24T14:00:00,2025-05-24T18:00:00,,
GORE STREET ENERGY TRADING LIMITED,GSET-06,Response,DRL,3,15.23,2025-05-24T18:00:00,2025-05-24T22:00:00,,
GORE STREET ENERGY TRADING LIMITED,GSET-06,Response,DRL,3,10.75,2025-05-23T22:00:00,2025-05-24T02:00:00,,
GORE STREET ENERGY TRADING LIMITED,GSET-06,Response,DRL,3,12.03,2025-05-24T02:00:00,2025-05-24T06:00:00,,
GORE STREET ENERGY TRADING LIMITED,GSET-06,Response,DRL,3,13.21,2025-05-24T06:00:00,2025-05-24T10:00:00,,
GORE STREET ENERGY TRADING LIMITED,GSET-06,Response,DRL,3,9.98,2025-05-24T10:00:00,2025-05-24T14:00:00,,
GORE STREET ENERGY TRADING LIMITED,GSET-06,Response,DRL,3,7.27,2025-05-25T06:00:00,2025-05-25T10:00:00,,
GORE STREET ENERGY TRADING LIMITED,GSET-06,Response,DRH,3,13.1,2025-05-25T10:00:00,2025-05-25T14:00:00,,
GORE STREET ENERGY TRADING LIMITED,GSET-06,Response,DRH,3,17.73,2025-05-25T14:00:00,2025-05-25T18:00:00,,
GORE STREET ENERGY TRADING LIMITED,GSET-06,Response,DRL,3,19.18,2025-05-25T18:00:00,2025-05-25T22:00:00,,
GORE STREET ENERGY TRADING LIMITED,GSET-06,Response,DRL,3,17.68,2025-05-24T22:00:00,2025-05-25T02:00:00,,
GORE STREET ENERGY TRADING LIMITED,GSET-06,Response,DRL,3,7.34,2025-05-25T02:00:00,2025-05-25T06:00:00,,
GORE STREET ENERGY TRADING LIMITED,GSET-06,Response,DRL,3,6.69,2025-05-26T02:00:00,2025-05-26T06:00:00,,
GORE STREET ENERGY TRADING LIMITED,GSET-06,Response,DRL,3,24.71,2025-05-26T18:00:00,2025-05-26T22:00:00,,
GORE STREET ENERGY TRADING LIMITED,GSET-06,Response,DRL,3,12.01,2025-05-26T06:00:00,2025-05-26T10:00:00,,
GORE STREET ENERGY TRADING LIMITED,GSET-06,Response,DRL,3,5,2025-05-26T10:00:00,2025-05-26T14:00:00,,
GORE STREET ENERGY TRADING LIMITED,GSET-06,Response,DRH,3,16.75,2025-05-26T14:00:00,2025-05-26T18:00:00,,
GORE STREET ENERGY TRADING LIMITED,GSET-06,Response,DRL,3,13.08,2025-05-25T22:00:00,2025-05-26T02:00:00,,
GORE STREET ENERGY TRADING LIMITED,GSET-06,Response,DRL,3,12.01,2025-05-27T10:00:00,2025-05-27T14:00:00,,
GORE STREET ENERGY TRADING LIMITED,GSET-06,Response,DRL,3,10.39,2025-05-26T22:00:00,2025-05-27T02:00:00,,
GORE STREET ENERGY TRADING LIMITED,GSET-06,Response,DRL,3,12.18,2025-05-27T14:00:00,2025-05-27T18:00:00,,
GORE STREET ENERGY TRADING LIMITED,GSET-06,Response,DRL,3,9.72,2025-05-27T02:00:00,2025-05-27T06:00:00,,
GORE STREET ENERGY TRADING LIMITED,GSET-06,Response,DRL,3,14.9,2025-05-27T18:00:00,2025-05-27T22:00:00,,
GORE STREET ENERGY TRADING LIMITED,GSET-06,Response,DRL,3,11.18,2025-05-27T06:00:00,2025-05-27T10:00:00,,
GORE STREET ENERGY TRADING LIMITED,GSET-06,Response,DRL,3,10.24,2025-05-28T10:00:00,2025-05-28T14:00:00,,
GORE STREET ENERGY TRADING LIMITED,GSET-06,Response,DRL,3,13.47,2025-05-28T06:00:00,2025-05-28T10:00:00,,
GORE STREET ENERGY TRADING LIMITED,GSET-06,Response,DRL,3,14,2025-05-28T02:00:00,2025-05-28T06:00:00,,
GORE STREET ENERGY TRADING LIMITED,GSET-06,Response,DRL,3,13.58,2025-05-28T18:00:00,2025-05-28T22:00:00,,
GORE STREET ENERGY TRADING LIMITED,GSET-06,Response,DRL,3,11.92,2025-05-27T22:00:00,2025-05-28T02:00:00,,
GORE STREET ENERGY TRADING LIMITED,GSET-06,Response,DRL,3,10.75,2025-05-28T14:00:00,2025-05-28T18:00:00,,
GORE STREET ENERGY TRADING LIMITED,GSET-06,Response,DRL,3,10.82,2025-05-29T02:00:00,2025-05-29T06:00:00,,
GORE STREET ENERGY TRADING LIMITED,GSET-06,Response,DRL,3,13.75,2025-05-28T22:00:00,2025-05-29T02:00:00,,
GORE STREET ENERGY TRADING LIMITED,GSET-06,Response,DRL,3,14,2025-05-29T18:00:00,2025-05-29T22:00:00,,
GORE STREET ENERGY TRADING LIMITED,GSET-06,Response,DRL,3,7.44,2025-05-29T14:00:00,2025-05-29T18:00:00,,
GORE STREET ENERGY TRADING LIMITED,GSET-06,Response,DRL,3,12.25,2025-05-29T10:00:00,2025-05-29T14:00:00,,
GORE STREET ENERGY TRADING LIMITED,GSET-06,Response,DRL,3,13.75,2025-05-29T06:00:00,2025-05-29T10:00:00,,
GORE STREET ENERGY TRADING LIMITED,GSET-06,Response,DRL,3,13.81,2025-05-30T14:00:00,2025-05-30T18:00:00,,
GORE STREET ENERGY TRADING LIMITED,GSET-06,Response,DRL,3,9.78,2025-05-29T22:00:00,2025-05-30T02:00:00,,
GORE STREET ENERGY TRADING LIMITED,GSET-06,Response,DRL,3,8.91,2025-05-30T02:00:00,2025-05-30T06:00:00,,
GORE STREET ENERGY TRADING LIMITED,GSET-06,Response,DRL,3,14.93,2025-05-30T18:00:00,2025-05-30T22:00:00,,
GORE STREET ENERGY TRADING LIMITED,GSET-06,Response,DRL,3,8,2025-05-30T06:00:00,2025-05-30T10:00:00,,
GORE STREET ENERGY TRADING LIMITED,GSET-06,Response,DRL,3,9.34,2025-05-30T10:00:00,2025-05-30T14:00:00,,
GORE STREET ENERGY TRADING LIMITED,GSET-06,Response,DRL,3,18.39,2025-05-31T18:00:00,2025-05-31T22:00:00,,
GORE STREET ENERGY TRADING LIMITED,GSET-06,Response,DRL,3,11.89,2025-05-31T14:00:00,2025-05-31T18:00:00,,
GORE STREET ENERGY TRADING LIMITED,GSET-06,Response,DRL,3,8.91,2025-05-31T10:00:00,2025-05-31T14:00:00,,
GORE STREET ENERGY TRADING LIMITED,GSET-06,Response,DRL,3,14.76,2025-05-31T06:00:00,2025-05-31T10:00:00,,
GORE STREET ENERGY TRADING LIMITED,GSET-06,Response,DRL,3,14.06,2025-05-31T02:00:00,2025-05-31T06:00:00,,
GORE STREET ENERGY TRADING LIMITED,GSET-06,Response,DRL,3,14.27,2025-05-30T22:00:00,2025-05-31T02:00:00,,
GORE STREET ENERGY TRADING LIMITED,GSET-06,Response,DRL,3,12.86,2025-06-01T02:00:00,2025-06-01T06:00:00,,
GORE STREET ENERGY TRADING LIMITED,GSET-06,Response,DRH,3,14.37,2025-06-01T14:00:00,2025-06-01T18:00:00,,
GORE STREET ENERGY TRADING LIMITED,GSET-06,Response,DRL,3,17.14,2025-06-01T18:00:00,2025-06-01T22:00:00,,
GORE STREET ENERGY TRADING LIMITED,GSET-06,Response,DRL,3,12.86,2025-06-01T06:00:00,2025-06-01T10:00:00,,
GORE STREET ENERGY TRADING LIMITED,GSET-06,Response,DRL,3,15.84,2025-05-31T22:00:00,2025-06-01T02:00:00,,
GORE STREET ENERGY TRADING LIMITED,GSET-06,Response,DRH,3,7.49,2025-06-01T10:00:00,2025-06-01T14:00:00,,
GORE STREET ENERGY TRADING LIMITED,GSET-06,Response,DRL,3,15.39,2025-06-02T06:00:00,2025-06-02T10:00:00,,
GORE STREET ENERGY TRADING LIMITED,GSET-06,Response,DRL,3,15.52,2025-06-02T18:00:00,2025-06-02T22:00:00,,
GORE STREET ENERGY TRADING LIMITED,GSET-06,Response,DRL,3,14.47,2025-06-02T02:00:00,2025-06-02T06:00:00,,
GORE STREET ENERGY TRADING LIMITED,GSET-06,Response,DRL,3,13.88,2025-06-02T14:00:00,2025-06-02T18:00:00,,
GORE STREET ENERGY TRADING LIMITED,GSET-06,Response,DRL,3,11.99,2025-06-02T10:00:00,2025-06-02T14:00:00,,
GORE STREET ENERGY TRADING LIMITED,GSET-06,Response,DRL,3,11.75,2025-06-01T22:00:00,2025-06-02T02:00:00,,
GORE STREET ENERGY TRADING LIMITED,GSET-06,Response,DRL,3,12.5,2025-06-03T06:00:00,2025-06-03T10:00:00,,
GORE STREET ENERGY TRADING LIMITED,GSET-06,Response,DRH,3,7.64,2025-06-03T10:00:00,2025-06-03T14:00:00,,
GORE STREET ENERGY TRADING LIMITED,GSET-06,Response,DRL,3,10.28,2025-06-03T14:00:00,2025-06-03T18:00:00,,
GORE STREET ENERGY TRADING LIMITED,GSET-06,Response,DRL,3,20.18,2025-06-03T18:00:00,2025-06-03T22:00:00,,
GORE STREET ENERGY TRADING LIMITED,GSET-06,Response,DRL,3,16.79,2025-06-02T22:00:00,2025-06-03T02:00:00,,
GORE STREET ENERGY TRADING LIMITED,GSET-06,Response,DRL,3,5.55,2025-06-03T02:00:00,2025-06-03T06:00:00,,
GORE STREET ENERGY TRADING LIMITED,GSET-06,Response,DRL,3,11.53,2025-06-03T22:00:00,2025-06-04T02:00:00,,
GORE STREET ENERGY TRADING LIMITED,GSET-06,Response,DRL,3,10.34,2025-06-04T02:00:00,2025-06-04T06:00:00,,
GORE STREET ENERGY TRADING LIMITED,GSET-06,Response,DRL,3,15.92,2025-06-04T06:00:00,2025-06-04T10:00:00,,
GORE STREET ENERGY TRADING LIMITED,GSET-06,Response,DRL,3,9.97,2025-06-04T10:00:00,2025-06-04T14:00:00,,
GORE STREET ENERGY TRADING LIMITED,GSET-06,Response,DRL,3,13.99,2025-06-04T14:00:00,2025-06-04T18:00:00,,
GORE STREET ENERGY TRADING LIMITED,GSET-06,Response,DRL,3,16,2025-06-04T18:00:00,2025-06-04T22:00:00,,
GORE STREET ENERGY TRADING LIMITED,GSET-06,Response,DRL,3,10.69,2025-06-04T22:00:00,2025-06-05T02:00:00,,
GORE STREET ENERGY TRADING LIMITED,GSET-06,Response,DRL,3,12.17,2025-06-05T02:00:00,2025-06-05T06:00:00,,
GORE STREET ENERGY TRADING LIMITED,GSET-06,Response,DRL,3,15.24,2025-06-05T18:00:00,2025-06-05T22:00:00,,
GORE STREET ENERGY TRADING LIMITED,GSET-06,Response,DRL,3,13.98,2025-06-05T06:00:00,2025-06-05T10:00:00,,
GORE STREET ENERGY TRADING LIMITED,GSET-06,Response,DRL,3,10.25,2025-06-05T10:00:00,2025-06-05T14:00:00,,
GORE STREET ENERGY TRADING LIMITED,GSET-06,Response,DRL,3,12.77,2025-06-05T14:00:00,2025-06-05T18:00:00,,
GORE STREET ENERGY TRADING LIMITED,GSET-06,Response,DRL,3,17.37,2025-06-06T06:00:00,2025-06-06T10:00:00,,
GORE STREET ENERGY TRADING LIMITED,GSET-06,Response,DRL,3,13.77,2025-06-06T14:00:00,2025-06-06T18:00:00,,
GORE STREET ENERGY TRADING LIMITED,GSET-06,Response,DRL,3,12.32,2025-06-06T02:00:00,2025-06-06T06:00:00,,
GORE STREET ENERGY TRADING LIMITED,GSET-06,Response,DRL,3,12.93,2025-06-06T10:00:00,2025-06-06T14:00:00,,
GORE STREET ENERGY TRADING LIMITED,GSET-06,Response,DRL,3,12.32,2025-06-05T22:00:00,2025-06-06T02:00:00,,
GORE STREET ENERGY TRADING LIMITED,GSET-06,Response,DRL,3,16.35,2025-06-06T18:00:00,2025-06-06T22:00:00,,
GORE STREET ENERGY TRADING LIMITED,GSET-06,Response,DRL,3,14.76,2025-06-07T06:00:00,2025-06-07T10:00:00,,
GORE STREET ENERGY TRADING LIMITED,GSET-06,Response,DRL,3,14.69,2025-06-07T18:00:00,2025-06-07T22:00:00,,
GORE STREET ENERGY TRADING LIMITED,GSET-06,Response,DRL,3,11.69,2025-06-07T02:00:00,2025-06-07T06:00:00,,
GORE STREET ENERGY TRADING LIMITED,GSET-06,Response,DRL,3,14.09,2025-06-07T14:00:00,2025-06-07T18:00:00,,
GORE STREET ENERGY TRADING LIMITED,GSET-06,Response,DRL,3,13.69,2025-06-07T10:00:00,2025-06-07T14:00:00,,
GORE STREET ENERGY TRADING LIMITED,GSET-06,Response,DRL,3,12.69,2025-06-06T22:00:00,2025-06-07T02:00:00,,
GORE STREET ENERGY TRADING LIMITED,GSET-06,Response,DRL,3,18.53,2025-06-08T18:00:00,2025-06-08T22:00:00,,
GORE STREET ENERGY TRADING LIMITED,GSET-06,Response,DRL,3,9.61,2025-06-08T10:00:00,2025-06-08T14:00:00,,
GORE STREET ENERGY TRADING LIMITED,GSET-06,Response,DRL,3,12,2025-06-08T02:00:00,2025-06-08T06:00:00,,
GORE STREET ENERGY TRADING LIMITED,GSET-06,Response,DRL,3,15.17,2025-06-08T14:00:00,2025-06-08T18:00:00,,
GORE STREET ENERGY TRADING LIMITED,GSET-06,Response,DRL,3,5.48,2025-06-08T06:00:00,2025-06-08T10:00:00,,
GORE STREET ENERGY TRADING LIMITED,GSET-06,Response,DRL,3,13.55,2025-06-07T22:00:00,2025-06-08T02:00:00,,
GORE STREET ENERGY TRADING LIMITED,GSET-06,Response,DRL,3,12.5,2025-06-09T10:00:00,2025-06-09T14:00:00,,
GORE STREET ENERGY TRADING LIMITED,GSET-06,Response,DRL,3,12.5,2025-06-09T14:00:00,2025-06-09T18:00:00,,
GORE STREET ENERGY TRADING LIMITED,GSET-06,Response,DRL,3,15.69,2025-06-09T18:00:00,2025-06-09T22:00:00,,
GORE STREET ENERGY TRADING LIMITED,GSET-06,Response,DRL,3,10.23,2025-06-08T22:00:00,2025-06-09T02:00:00,,
GORE STREET ENERGY TRADING LIMITED,GSET-06,Response,DRL,3,12.17,2025-06-09T02:00:00,2025-06-09T06:00:00,,
GORE STREET ENERGY TRADING LIMITED,GSET-06,Response,DRL,3,13.69,2025-06-09T06:00:00,2025-06-09T10:00:00,,
GORE STREET ENERGY TRADING LIMITED,GSET-06,Response,DRL,3,11.33,2025-06-10T02:00:00,2025-06-10T06:00:00,,
GORE STREET ENERGY TRADING LIMITED,GSET-06,Response,DRL,3,14.25,2025-06-10T18:00:00,2025-06-10T22:00:00,,
GORE STREET ENERGY TRADING LIMITED,GSET-06,Response,DRL,3,10.56,2025-06-10T06:00:00,2025-06-10T10:00:00,,
GORE STREET ENERGY TRADING LIMITED,GSET-06,Response,DRL,3,11.64,2025-06-10T10:00:00,2025-06-10T14:00:00,,
GORE STREET ENERGY TRADING LIMITED,GSET-06,Response,DRL,3,11.99,2025-06-10T14:00:00,2025-06-10T18:00:00,,
GORE STREET ENERGY TRADING LIMITED,GSET-06,Response,DRL,3,10.88,2025-06-09T22:00:00,2025-06-10T02:00:00,,
GORE STREET ENERGY TRADING LIMITED,GSET-06,Response,DRL,3,12.69,2025-06-11T02:00:00,2025-06-11T06:00:00,,
GORE STREET ENERGY TRADING LIMITED,GSET-06,Response,DRL,3,10.58,2025-06-11T10:00:00,2025-06-11T14:00:00,,
GORE STREET ENERGY TRADING LIMITED,GSET-06,Response,DRL,3,12.69,2025-06-11T06:00:00,2025-06-11T10:00:00,,
GORE STREET ENERGY TRADING LIMITED,GSET-06,Response,DRL,3,12.69,2025-06-11T14:00:00,2025-06-11T18:00:00,,
GORE STREET ENERGY TRADING LIMITED,GSET-06,Response,DRL,3,15.92,2025-06-11T18:00:00,2025-06-11T22:00:00,,
GORE STREET ENERGY TRADING LIMITED,GSET-06,Response,DRL,3,11.69,2025-06-10T22:00:00,2025-06-11T02:00:00,,
GORE STREET ENERGY TRADING LIMITED,GSET-06,Response,DRL,3,10.26,2025-06-12T14:00:00,2025-06-12T18:00:00,,
GORE STREET ENERGY TRADING LIMITED,GSET-06,Response,DRL,3,16.23,2025-06-12T06:00:00,2025-06-12T10:00:00,,
GORE STREET ENERGY TRADING LIMITED,GSET-06,Response,DRL,3,15.07,2025-06-11T22:00:00,2025-06-12T02:00:00,,
GORE STREET ENERGY TRADING LIMITED,GSET-06,Response,DRL,3,21.42,2025-06-12T18:00:00,2025-06-12T22:00:00,,
GORE STREET ENERGY TRADING LIMITED,GSET-06,Response,DRL,3,5.71,2025-06-12T10:00:00,2025-06-12T14:00:00,,
GORE STREET ENERGY TRADING LIMITED,GSET-06,Response,DRL,3,13.64,2025-06-12T02:00:00,2025-06-12T06:00:00,,
GORE STREET ENERGY TRADING LIMITED,GSET-06,Response,DRL,3,11.78,2025-06-12T22:00:00,2025-06-13T02:00:00,,
GORE STREET ENERGY TRADING LIMITED,GSET-06,Response,DRL,3,8.54,2025-06-13T02:00:00,2025-06-13T06:00:00,,
GORE STREET ENERGY TRADING LIMITED,GSET-06,Response,DRL,3,13.19,2025-06-13T06:00:00,2025-06-13T10:00:00,,
GORE STREET ENERGY TRADING LIMITED,GSET-06,Response,DRL,3,11.04,2025-06-13T10:00:00,2025-06-13T14:00:00,,
GORE STREET ENERGY TRADING LIMITED,GSET-06,Response,DRL,3,13.19,2025-06-13T14:00:00,2025-06-13T18:00:00,,
GORE STREET ENERGY TRADING LIMITED,GSET-06,Response,DRL,3,13.19,2025-06-13T18:00:00,2025-06-13T22:00:00,,
GORE STREET ENERGY TRADING LIMITED,GSET-06,Response,DRL,3,15.69,2025-06-14T18:00:00,2025-06-14T22:00:00,,
GORE STREET ENERGY TRADING LIMITED,GSET-06,Response,DRL,3,13.28,2025-06-13T22:00:00,2025-06-14T02:00:00,,
GORE STREET ENERGY TRADING LIMITED,GSET-06,Response,DRL,3,10.18,2025-06-14T02:00:00,2025-06-14T06:00:00,,
GORE STREET ENERGY TRADING LIMITED,GSET-06,Response,DRL,3,12.49,2025-06-14T06:00:00,2025-06-14T10:00:00,,
GORE STREET ENERGY TRADING LIMITED,GSET-06,Response,DRL,3,11.69,2025-06-14T10:00:00,2025-06-14T14:00:00,,
GORE STREET ENERGY TRADING LIMITED,GSET-06,Response,DRL,3,10.26,2025-06-14T14:00:00,2025-06-14T18:00:00,,
GORE STREET ENERGY TRADING LIMITED,GSET-06,Response,DRL,3,14.69,2025-06-15T14:00:00,2025-06-15T18:00:00,,
GORE STREET ENERGY TRADING LIMITED,GSET-06,Response,DRL,3,11.99,2025-06-15T10:00:00,2025-06-15T14:00:00,,
GORE STREET ENERGY TRADING LIMITED,GSET-06,Response,DRL,3,12.99,2025-06-15T06:00:00,2025-06-15T10:00:00,,
GORE STREET ENERGY TRADING LIMITED,GSET-06,Response,DRL,3,11.57,2025-06-15T02:00:00,2025-06-15T06:00:00,,
GORE STREET ENERGY TRADING LIMITED,GSET-06,Response,DRL,3,15.2,2025-06-15T18:00:00,2025-06-15T22:00:00,,
GORE STREET ENERGY TRADING LIMITED,GSET-06,Response,DRL,3,11.71,2025-06-14T22:00:00,2025-06-15T02:00:00,,
GORE STREET ENERGY TRADING LIMITED,GSET-06,Response,DRL,3,14.69,2025-06-16T14:00:00,2025-06-16T18:00:00,,
GORE STREET ENERGY TRADING LIMITED,GSET-06,Response,DRL,3,12.69,2025-06-16T06:00:00,2025-06-16T10:00:00,,
GORE STREET ENERGY TRADING LIMITED,GSET-06,Response,DRL,3,11.71,2025-06-15T22:00:00,2025-06-16T02:00:00,,
GORE STREET ENERGY TRADING LIMITED,GSET-06,Response,DRL,3,12.69,2025-06-16T18:00:00,2025-06-16T22:00:00,,
GORE STREET ENERGY TRADING LIMITED,GSET-06,Response,DRL,3,13.42,2025-06-16T10:00:00,2025-06-16T14:00:00,,
GORE STREET ENERGY TRADING LIMITED,GSET-06,Response,DRL,3,11.71,2025-06-16T02:00:00,2025-06-16T06:00:00,,